{
  "char_accuracy": 0.9099236358587495,
  "word_accuracy": 0.4979764209044519,
  "avg_levenshtein": 8.512581383072321
}