{
  "char_accuracy": 0.5661554125977692,
  "word_accuracy": 0.12968502551469294,
  "avg_levenshtein": 40.84180890374802
}