{
  "char_accuracy": 0.10286451600772771,
  "word_accuracy": 0.0008798169980644026,
  "avg_levenshtein": 133.85131092732712
}