{
  "char_accuracy": 0.10018861435933911,
  "word_accuracy": 0.00017596339961288053,
  "avg_levenshtein": 134.06897765264824
}