{
  "char_accuracy": 0.5466876475216365,
  "word_accuracy": 0.1120886855534049,
  "avg_levenshtein": 42.796410346647896
}