{
  "char_accuracy": 0.2416241421784269,
  "word_accuracy": 0.0,
  "avg_levenshtein": 150.43533345064228
}