{
  "char_accuracy": 0.1003926441760521,
  "word_accuracy": 0.0008798169980644026,
  "avg_levenshtein": 134.04610241069858
}