{
  "char_accuracy": 0.10141919204378456,
  "word_accuracy": 0.0008798169980644026,
  "avg_levenshtein": 133.3221889846912
}