{
  "char_accuracy": 0.10070859177808028,
  "word_accuracy": 0.0008798169980644026,
  "avg_levenshtein": 134.06528242125637
}