{
  "char_accuracy": 0.06645751247354763,
  "word_accuracy": 0.00035192679922576106,
  "avg_levenshtein": 116.98592292803097
}