{
  "char_accuracy": 0.776200305456565,
  "word_accuracy": 0.35122294562730955,
  "avg_levenshtein": 21.097835650184763
}