{
    "val_loss": 6.243657280889929,
    "val_ppl": 514.7376126810511
}