{
    "val_loss": 5.727579852683297,
    "val_ppl": 307.224838557187
}