{
    "val_loss": 5.667633374537004,
    "val_ppl": 289.34894286667037
}