{
    "val_loss": 6.035596319666794,
    "val_ppl": 418.0480255840801
}