{
    "val_loss": 5.944517934558411,
    "val_ppl": 381.6553340974876
}