{
    "val_loss": 5.832526162709102,
    "val_ppl": 341.2195673887074
}