{
    "val_loss": 5.647258493403164,
    "val_ppl": 283.5131462665193
}