{
    "val_loss": 4.9672322812633,
    "val_ppl": 143.62881258978288
}